"date","daily.demand"
2012-01-01,43
2012-01-02,40
2012-01-03,46
2012-01-04,51
2012-01-05,56
2012-01-06,56
2012-01-07,56
2012-01-08,54
2012-01-09,55
2012-01-10,52
2012-01-11,50
2012-01-12,56
2012-01-13,57
2012-01-14,64
2012-01-15,65
2012-01-16,57
2012-01-17,58
2012-01-18,57
2012-01-19,62
2012-01-20,59
2012-01-21,60
2012-01-22,61
2012-01-23,62
2012-01-24,64
2012-01-25,64
2012-01-26,54
2012-01-27,65
2012-01-28,58
2012-01-29,55
2012-01-30,57
2012-01-31,71
2012-02-02,57
2012-02-03,59
2012-02-04,54
2012-02-05,62
2012-02-06,65
2012-02-07,66
2012-02-08,62
2012-02-09,63
2012-02-10,57
2012-02-11,53
2012-02-12,62
2012-02-13,58
2012-02-14,56
2012-02-15,52
2012-02-16,60
2012-02-17,67
2012-02-18,66
2012-02-19,68
2012-02-20,54
2012-02-21,52
2012-02-22,52
2012-02-23,46
2012-02-24,55
2012-02-25,51
2012-02-26,50
2012-02-27,54
2012-02-28,57
2012-02-29,51
2012-03-01,49
2012-03-03,46
2012-03-04,63
2012-03-05,65
2012-03-06,56
2012-03-07,54
2012-03-08,56
2012-03-09,55
2012-03-10,52
2012-03-11,48
2012-03-12,53
2012-03-13,44
2012-03-14,43
2012-03-15,46
2012-03-16,40
2012-03-17,39
2012-03-18,36
2012-03-19,26
2012-03-20,31
2012-03-21,34
2012-03-22,33
2012-03-23,30
2012-03-24,37
2012-03-25,49
2012-03-26,39
2012-03-27,35
2012-03-28,40
2012-03-29,29
2012-03-30,35
2012-03-31,36
2012-04-01,38
2012-04-02,33
2012-04-04,37
2012-04-05,37
2012-04-06,33
2012-04-07,31
2012-04-08,35
2012-04-09,37
2012-04-10,32
2012-04-11,32
2012-04-12,31
2012-04-13,33
2012-04-14,34
2012-04-15,35
2012-04-16,34
2012-04-17,35
2012-04-18,36
2012-04-19,38
2012-04-20,37
2012-04-21,33
2012-04-22,31
2012-04-23,32
2012-04-24,34
2012-04-25,36
2012-04-26,39
2012-04-27,34
2012-04-28,25
2012-04-29,33
2012-04-30,35
2012-05-01,32
2012-05-02,30
2012-05-03,31
2012-05-05,38
2012-05-06,42
2012-05-07,41
2012-05-08,34
2012-05-09,36
2012-05-10,28
2012-05-11,32
2012-05-12,38
2012-05-13,40
2012-05-14,27
2012-05-15,34
2012-05-16,44
2012-05-17,33
2012-05-18,32
2012-05-19,37
2012-05-20,32
2012-05-21,35
2012-05-22,30
2012-05-23,33
2012-05-24,35
2012-05-25,40
2012-05-26,42
2012-05-27,36
2012-05-28,28
2012-05-29,30
2012-05-30,31
2012-05-31,35
2012-06-01,37
2012-06-02,33
2012-06-03,33
2012-06-04,29
2012-06-06,32
2012-06-07,32
2012-06-08,33
2012-06-09,38
2012-06-10,38
2012-06-11,25
2012-06-12,28
2012-06-13,33
2012-06-14,26
2012-06-15,24
2012-06-16,25
2012-06-17,31
2012-06-18,31
2012-06-19,33
2012-06-20,35
2012-06-21,36
2012-06-22,33
2012-06-23,34
2012-06-24,38
2012-06-25,34
2012-06-26,30
2012-06-27,25
2012-06-28,29
2012-06-29,30
2012-06-30,35
2012-07-01,34
2012-07-02,41
2012-07-03,44
2012-07-04,39
2012-07-05,32
2012-07-07,42
2012-07-08,45
2012-07-09,41
2012-07-10,41
2012-07-11,35
2012-07-12,36
2012-07-13,39
2012-07-14,39
2012-07-15,36
2012-07-16,32
2012-07-17,30
2012-07-18,32
2012-07-19,41
2012-07-20,36
2012-07-21,36
2012-07-22,37
2012-07-23,46
2012-07-24,45
2012-07-25,35
2012-07-26,44
2012-07-27,41
2012-07-28,33
2012-07-29,37
2012-07-30,38
2012-07-31,33
2012-08-01,33
2012-08-02,40
2012-08-03,37
2012-08-04,41
2012-08-05,45
2012-08-06,40
2012-08-08,35
2012-08-09,31
2012-08-10,32
2012-08-11,39
2012-08-12,37
2012-08-13,31
2012-08-14,38
2012-08-15,31
2012-08-16,34
2012-08-17,40
2012-08-18,38
2012-08-19,43
2012-08-20,45
2012-08-21,41
2012-08-22,38
2012-08-23,39
2012-08-24,38
2012-08-25,45
2012-08-26,44
2012-08-27,39
2012-08-28,37
2012-08-29,31
2012-08-30,31
2012-08-31,35
2012-09-01,38
2012-09-02,44
2012-09-03,43
2012-09-04,38
2012-09-05,37
2012-09-06,36
2012-09-07,38
2012-09-09,49
2012-09-10,37
2012-09-11,37
2012-09-12,34
2012-09-13,37
2012-09-14,38
2012-09-15,40
2012-09-16,42
2012-09-17,44
2012-09-18,47
2012-09-19,48
2012-09-20,47
2012-09-21,42
2012-09-22,43
2012-09-23,43
2012-09-24,39
2012-09-25,45
2012-09-26,45
2012-09-27,44
2012-09-28,41
2012-09-29,35
2012-09-30,40
2012-10-01,44
2012-10-02,43
2012-10-03,42
2012-10-04,47
2012-10-05,48
2012-10-06,57
2012-10-07,49
2012-10-08,35
2012-10-10,40
2012-10-11,38
2012-10-12,40
2012-10-13,38
2012-10-14,39
2012-10-15,39
2012-10-16,55
2012-10-17,54
2012-10-18,47
2012-10-19,48
2012-10-20,43
2012-10-21,39
2012-10-22,38
2012-10-23,29
2012-10-24,39
2012-10-25,34
2012-10-26,42
2012-10-27,46
2012-10-28,34
2012-10-29,34
2012-10-30,34
2012-10-31,32
2012-11-01,33
2012-11-02,40
2012-11-03,44
2012-11-04,41
2012-11-05,36
2012-11-06,48
2012-11-07,47
2012-11-08,36
2012-11-09,40
2012-11-11,46
2012-11-12,41
2012-11-13,42
2012-11-14,38
2012-11-15,37
2012-11-16,43
2012-11-17,36
2012-11-18,33
2012-11-19,36
2012-11-20,39
2012-11-21,37
2012-11-22,30
2012-11-23,41
2012-11-24,44
2012-11-25,42
2012-11-26,29
2012-11-27,24
2012-11-28,30
2012-11-29,30
2012-11-30,34
2012-12-01,40
2012-12-02,41
2012-12-03,34
2012-12-04,28
2012-12-05,32
2012-12-06,37
2012-12-07,42
2012-12-08,41
2012-12-09,39
2012-12-10,38
2012-12-12,36
2012-12-13,40
2012-12-14,36
2012-12-15,34
2012-12-16,49
2012-12-17,49
2012-12-18,40
2012-12-19,38
2012-12-20,44
2012-12-21,36
2012-12-22,29
2012-12-23,25
2012-12-24,19
2012-12-25,18
2012-12-26,25
2012-12-27,27
2012-12-28,28
2012-12-29,37
2012-12-30,35
2012-12-31,39
2013-01-01,39
2013-01-02,43
2013-01-03,41
2013-01-04,41
2013-01-05,51
2013-01-06,35
2013-01-07,40
2013-01-08,45
2013-01-09,46
2013-01-10,38
2013-01-11,49
2013-01-13,49
2013-01-14,50
2013-01-15,46
2013-01-16,43
2013-01-17,46
2013-01-18,43
2013-01-19,41
2013-01-20,44
2013-01-21,43
2013-01-22,40
2013-01-23,45
2013-01-24,52
2013-01-25,50
2013-01-26,44
2013-01-27,34
2013-01-28,42
2013-01-29,48
2013-01-30,54
2013-01-31,53
2013-02-01,38
2013-02-02,45
2013-02-03,47
2013-02-04,54
2013-02-05,53
2013-02-06,45
2013-02-07,44
2013-02-08,50
2013-02-09,49
2013-02-10,42
2013-02-11,45
2013-02-12,52
2013-02-14,45
2013-02-15,53
2013-02-16,50
2013-02-17,48
2013-02-18,55
2013-02-19,43
2013-02-20,44
2013-02-21,55
2013-02-22,51
2013-02-23,43
2013-02-24,43
2013-02-25,45
2013-02-26,51
2013-02-27,51
2013-02-28,46
2013-03-01,53
2013-03-02,54
2013-03-03,49
2013-03-04,56
2013-03-05,47
2013-03-06,43
2013-03-07,45
2013-03-08,52
2013-03-09,49
2013-03-10,48
2013-03-11,42
2013-03-12,52
2013-03-13,38
2013-03-15,57
2013-03-16,50
2013-03-17,38
2013-03-18,43
2013-03-19,41
2013-03-20,45
2013-03-21,39
2013-03-22,39
2013-03-23,36
2013-03-24,30
2013-03-25,29
2013-03-26,32
2013-03-27,34
2013-03-28,35
2013-03-29,38
2013-03-30,33
2013-03-31,35
2013-04-01,28
2013-04-02,35
2013-04-03,43
2013-04-04,41
2013-04-05,28
2013-04-06,26
2013-04-07,38
2013-04-08,39
2013-04-09,40
2013-04-10,35
2013-04-11,24
2013-04-12,24
2013-04-13,31
2013-04-14,32
2013-04-16,39
2013-04-17,35
2013-04-18,27
2013-04-19,36
2013-04-20,41
2013-04-21,38
2013-04-22,36
2013-04-23,35
2013-04-24,34
2013-04-25,34
2013-04-26,35
2013-04-27,30
2013-04-28,35
2013-04-29,40
2013-04-30,40
2013-05-01,31
2013-05-02,34
2013-05-03,34
2013-05-04,26
2013-05-05,35
2013-05-06,34
2013-05-07,31
2013-05-08,29
2013-05-09,29
2013-05-10,33
2013-05-11,41
2013-05-12,31
2013-05-13,26
2013-05-14,33
2013-05-15,35
2013-05-17,41
2013-05-18,38
2013-05-19,36
2013-05-20,33
2013-05-21,36
2013-05-22,40
2013-05-23,38
2013-05-24,40
2013-05-25,38
2013-05-26,30
2013-05-27,31
2013-05-28,37
2013-05-29,40
2013-05-30,39
2013-05-31,37
2013-06-01,42
2013-06-02,35
2013-06-03,29
2013-06-04,37
2013-06-05,38
2013-06-06,35
2013-06-07,36
2013-06-08,33
2013-06-09,34
2013-06-10,42
2013-06-11,52
2013-06-12,48
2013-06-13,45
2013-06-14,55
2013-06-15,40
2013-06-16,38
2013-06-18,39
2013-06-19,41
2013-06-20,41
2013-06-21,48
2013-06-22,45
2013-06-23,42
2013-06-24,42
2013-06-25,46
2013-06-26,47
2013-06-27,39
2013-06-28,51
2013-06-29,47
2013-06-30,56
2013-07-01,58
2013-07-02,56
2013-07-03,60
2013-07-04,62
2013-07-05,61
2013-07-06,57
2013-07-07,59
2013-07-08,59
2013-07-09,66
2013-07-10,63
2013-07-11,60
2013-07-12,60
2013-07-13,63
2013-07-14,67
2013-07-15,66
2013-07-16,67
2013-07-17,63
2013-07-19,60
2013-07-20,62
2013-07-21,59
2013-07-22,61
2013-07-23,67
2013-07-24,65
2013-07-25,66
2013-07-26,61
2013-07-27,67
2013-07-28,65
2013-07-29,66
2013-07-30,63
2013-07-31,61
2013-08-01,62
2013-08-02,66
2013-08-03,67
2013-08-04,64
2013-08-05,68
2013-08-06,71
2013-08-07,69
2013-08-08,64
2013-08-09,69
2013-08-10,63
2013-08-11,65
2013-08-12,68
2013-08-13,64
2013-08-14,66
2013-08-15,64
2013-08-16,66
2013-08-17,67
2013-08-18,61
2013-08-20,67
2013-08-21,67
2013-08-22,72
2013-08-23,72
2013-08-24,71
2013-08-25,68
2013-08-26,68
2013-08-27,68
2013-08-28,70
2013-08-29,77
2013-08-30,76
2013-08-31,74
2013-09-01,75
2013-09-02,72
2013-09-03,78
2013-09-04,74
2013-09-05,72
2013-09-06,77
2013-09-07,77
2013-09-08,76
2013-09-09,77
2013-09-10,77
2013-09-11,74
2013-09-12,75
2013-09-13,73
2013-09-14,68
2013-09-15,65
2013-09-16,64
2013-09-17,71
2013-09-18,76
2013-09-19,75
2013-09-21,74
2013-09-22,71
2013-09-23,72
2013-09-24,76
2013-09-25,78
2013-09-26,81
2013-09-27,80
2013-09-28,80
2013-09-29,81
2013-09-30,81
2013-10-01,80
2013-10-02,75
2013-10-03,76
2013-10-04,73
2013-10-05,71
2013-10-06,74
2013-10-07,70
2013-10-08,70
2013-10-09,69
2013-10-10,75
2013-10-11,75
2013-10-12,74
2013-10-13,74
2013-10-14,77
2013-10-15,77
2013-10-16,73
2013-10-17,73
2013-10-18,74
2013-10-19,77
2013-10-20,80
2013-10-22,84
2013-10-23,78
2013-10-24,77
2013-10-25,77
2013-10-26,79
2013-10-27,77
2013-10-28,82
2013-10-29,83
2013-10-30,79
2013-10-31,78
2013-11-01,77
2013-11-02,81
2013-11-03,79
2013-11-04,80
2013-11-05,78
2013-11-06,77
2013-11-07,82
2013-11-08,84
2013-11-09,79
2013-11-10,79
2013-11-11,78
2013-11-12,78
2013-11-13,79
2013-11-14,80
2013-11-15,81
2013-11-16,81
2013-11-17,83
2013-11-18,81
2013-11-19,86
2013-11-20,87
2013-11-21,81
2013-11-23,74
2013-11-24,80
2013-11-25,81
2013-11-26,81
2013-11-27,85
2013-11-28,83
2013-11-29,81
2013-11-30,80
2013-12-01,81
2013-12-02,85
2013-12-03,85
2013-12-04,87
2013-12-05,83
2013-12-06,88
2013-12-07,88
2013-12-08,82
2013-12-09,82
2013-12-10,80
2013-12-11,83
2013-12-12,84
2013-12-13,83
2013-12-14,80
2013-12-15,80
2013-12-16,75
2013-12-17,75
2013-12-18,76
2013-12-19,77
2013-12-20,77
2013-12-21,79
2013-12-22,82
2013-12-24,86
2013-12-25,81
2013-12-26,76
2013-12-27,73
2013-12-28,80
2013-12-29,79
2013-12-30,74
2013-12-31,70
2014-01-01,76
2014-01-02,78
2014-01-03,80
2014-01-04,78
2014-01-05,74
2014-01-06,78
2014-01-07,79
2014-01-08,79
2014-01-09,81
2014-01-10,80
2014-01-11,82
2014-01-12,89
2014-01-13,85
2014-01-14,87
2014-01-15,81
2014-01-16,80
2014-01-17,82
2014-01-18,80
2014-01-19,83
2014-01-20,86
2014-01-21,88
2014-01-22,87
2014-01-23,82
2014-01-25,79
2014-01-26,78
2014-01-27,75
2014-01-28,72
2014-01-29,76
2014-01-30,80
2014-01-31,85
2014-02-01,81
2014-02-02,80
2014-02-03,82
2014-02-04,85
2014-02-05,84
2014-02-06,85
2014-02-07,88
2014-02-08,92
2014-02-09,92
2014-02-10,90
2014-02-11,90
2014-02-12,92
2014-02-13,87
2014-02-14,88
2014-02-15,88
2014-02-16,89
2014-02-17,89
2014-02-18,83
2014-02-19,83
2014-02-20,85
2014-02-21,82
2014-02-22,85
2014-02-23,85
2014-02-24,83
2014-02-26,83
2014-02-27,86
2014-02-28,84
2014-03-01,83
2014-03-02,85
2014-03-03,87
2014-03-04,81
2014-03-05,81
2014-03-06,77
2014-03-07,75
2014-03-08,80
2014-03-09,75
2014-03-10,78
2014-03-11,73
2014-03-12,70
2014-03-13,69
2014-03-14,71
2014-03-15,71
2014-03-16,71
2014-03-17,69
2014-03-18,75
2014-03-19,76
2014-03-20,74
2014-03-21,68
2014-03-22,69
2014-03-23,69
2014-03-24,65
2014-03-25,64
2014-03-27,66
2014-03-28,67
2014-03-29,69
2014-03-30,67
2014-03-31,69
2014-04-01,69
2014-04-02,68
2014-04-03,66
2014-04-04,64
2014-04-05,67
2014-04-06,72
2014-04-07,72
2014-04-08,74
2014-04-09,69
2014-04-10,70
2014-04-11,69
2014-04-12,68
2014-04-13,66
2014-04-14,69
2014-04-15,69
2014-04-16,68
2014-04-17,68
2014-04-18,71
2014-04-19,69
2014-04-20,72
2014-04-21,70
2014-04-22,68
2014-04-23,72
2014-04-24,76
2014-04-25,70
2014-04-26,66
2014-04-28,61
2014-04-29,60
2014-04-30,64
2014-05-01,66
2014-05-02,66
2014-05-03,65
2014-05-04,65
2014-05-05,70
2014-05-06,70
2014-05-07,72
2014-05-08,70
2014-05-09,65
2014-05-10,62
2014-05-11,64
2014-05-12,69
2014-05-13,63
2014-05-14,63
2014-05-15,65
2014-05-16,65
2014-05-17,66
2014-05-18,69
2014-05-19,68
2014-05-20,68
2014-05-21,71
2014-05-22,68
2014-05-23,65
2014-05-24,65
2014-05-25,63
2014-05-26,60
2014-05-27,58
2014-05-29,59
2014-05-30,58
2014-05-31,62
2014-06-01,60
2014-06-02,56
2014-06-03,56
2014-06-04,56
2014-06-05,55
2014-06-06,55
2014-06-07,58
2014-06-08,58
2014-06-09,57
2014-06-10,58
2014-06-11,57
2014-06-12,54
2014-06-13,60
2014-06-14,59
2014-06-15,56
2014-06-16,63
2014-06-17,60
2014-06-18,59
2014-06-19,59
2014-06-20,59
2014-06-21,61
2014-06-22,61
2014-06-23,60
2014-06-24,61
2014-06-25,58
2014-06-26,60
2014-06-27,58
2014-06-28,58
2014-06-30,59
2014-07-01,59
2014-07-02,62
2014-07-03,59
2014-07-04,61
2014-07-05,63
2014-07-06,62
2014-07-07,58
2014-07-08,59
2014-07-09,61
2014-07-10,62
2014-07-11,59
2014-07-12,56
2014-07-13,59
2014-07-14,59
2014-07-15,63
2014-07-16,64
2014-07-17,58
2014-07-18,58
2014-07-19,55
2014-07-20,53
2014-07-21,51
2014-07-22,52
2014-07-23,61
2014-07-24,64
2014-07-25,65
2014-07-26,64
2014-07-27,62
2014-07-28,58
2014-07-29,59
2014-07-31,54
2014-08-01,56
2014-08-02,54
2014-08-03,58
2014-08-04,57
2014-08-05,59
2014-08-06,60
2014-08-07,63
2014-08-08,56
2014-08-09,55
2014-08-10,53
2014-08-11,53
2014-08-12,51
2014-08-13,53
2014-08-14,58
2014-08-15,56
2014-08-16,55
2014-08-17,57
2014-08-18,61
2014-08-19,58
2014-08-20,58
2014-08-21,58
2014-08-22,59
2014-08-23,53
2014-08-24,51
2014-08-25,54
2014-08-26,53
2014-08-27,56
2014-08-28,56
2014-08-29,56
2014-08-30,53
2014-09-01,54
2014-09-02,54
2014-09-03,59
2014-09-04,56
2014-09-05,56
2014-09-06,57
2014-09-07,59
2014-09-08,61
2014-09-09,55
2014-09-10,55
2014-09-11,59
2014-09-12,60
2014-09-13,58
2014-09-14,56
2014-09-15,56
2014-09-16,56
2014-09-17,58
2014-09-18,63
2014-09-19,58
2014-09-20,59
2014-09-21,61
2014-09-22,57
2014-09-23,52
2014-09-24,51
2014-09-25,55
2014-09-26,55
2014-09-27,59
2014-09-28,59
2014-09-29,57
2014-09-30,56
2014-10-01,56
2014-10-03,50
2014-10-04,54
2014-10-05,53
2014-10-06,52
2014-10-07,51
2014-10-08,48
2014-10-09,53
2014-10-10,59
2014-10-11,57
2014-10-12,55
2014-10-13,54
2014-10-14,53
2014-10-15,51
2014-10-16,48
2014-10-17,54
2014-10-18,54
2014-10-19,56
2014-10-20,55
2014-10-21,54
2014-10-22,49
2014-10-23,51
2014-10-24,49
2014-10-25,51
2014-10-26,52
2014-10-27,53
2014-10-28,60
2014-10-29,57
2014-10-30,50
2014-10-31,48
2014-11-01,45
2014-11-03,51
2014-11-04,55
2014-11-05,51
2014-11-06,48
2014-11-07,50
2014-11-08,47
2014-11-09,44
2014-11-10,53
2014-11-11,48
2014-11-12,48
2014-11-13,46
2014-11-14,48
2014-11-15,50
2014-11-16,48
2014-11-17,48
2014-11-18,52
2014-11-19,50
2014-11-20,49
2014-11-21,50
2014-11-22,55
2014-11-23,53
2014-11-24,54
2014-11-25,54
2014-11-26,53
2014-11-27,50
2014-11-28,55
2014-11-29,54
2014-11-30,50
2014-12-01,53
2014-12-02,58
2014-12-03,56
2014-12-05,58
2014-12-06,58
2014-12-07,57
2014-12-08,57
2014-12-09,58
2014-12-10,55
2014-12-11,55
2014-12-12,52
2014-12-13,61
2014-12-14,52
2014-12-15,45
2014-12-16,52
2014-12-17,47
2014-12-18,46
2014-12-19,50
2014-12-20,44
2014-12-21,49
2014-12-22,53
2014-12-23,49
2014-12-24,38
2014-12-25,37
2014-12-26,42
2014-12-27,46
2014-12-28,45
2014-12-29,53
2014-12-30,56
2014-12-31,51
2015-01-01,51
2015-01-02,49
2015-01-03,56
2015-01-05,59
2015-01-06,52
2015-01-07,53
2015-01-08,51
2015-01-09,51
2015-01-10,47
2015-01-11,50
2015-01-12,54
2015-01-13,60
2015-01-14,59
2015-01-15,55
2015-01-16,54
2015-01-17,43
2015-01-18,51
2015-01-19,49
2015-01-20,48
2015-01-21,52
2015-01-22,55
2015-01-23,53
2015-01-24,55
2015-01-25,46
2015-01-26,41
2015-01-27,44
2015-01-28,45
2015-01-29,44
2015-01-30,43
2015-01-31,46
2015-02-01,47
2015-02-02,47
2015-02-03,39
2015-02-04,42
2015-02-06,48
2015-02-07,48
2015-02-08,51
2015-02-09,46
2015-02-10,46
2015-02-11,49
2015-02-12,50
2015-02-13,48
2015-02-14,44
2015-02-15,46
2015-02-16,42
2015-02-17,48
2015-02-18,49
2015-02-19,50
2015-02-20,47
2015-02-21,47
2015-02-22,45
2015-02-23,45
2015-02-24,43
2015-02-25,45
2015-02-26,41
2015-02-27,41
2015-02-28,37
2015-03-01,37
2015-03-02,39
2015-03-03,38
2015-03-04,32
2015-03-05,32
2015-03-06,32
2015-03-07,34
2015-03-08,35
2015-03-10,27
2015-03-11,25
2015-03-12,26
2015-03-13,30
2015-03-14,27
2015-03-15,26
2015-03-16,20
2015-03-17,20
2015-03-18,17
2015-03-19,20
2015-03-20,22
2015-03-21,21
2015-03-22,22
2015-03-23,24
2015-03-24,25
2015-03-25,29
2015-03-26,24
2015-03-27,25
2015-03-28,19
2015-03-29,19
2015-03-30,17
2015-03-31,18
2015-04-01,23
2015-04-02,21
2015-04-03,23
2015-04-04,24
2015-04-05,23
2015-04-06,22
2015-04-08,27
2015-04-09,24
2015-04-10,25
2015-04-11,22
2015-04-12,22
2015-04-13,22
2015-04-14,22
2015-04-15,23
2015-04-16,22
2015-04-17,27
2015-04-18,23
2015-04-19,19
2015-04-20,24
2015-04-21,20
2015-04-22,23
2015-04-23,24
2015-04-24,22
2015-04-25,23
2015-04-26,21
2015-04-27,22
2015-04-28,24
2015-04-29,28
2015-04-30,26
2015-05-01,31
2015-05-02,30
2015-05-03,30
2015-05-04,26
2015-05-05,22
2015-05-06,22
2015-05-07,21
2015-05-08,24
2015-05-10,28
2015-05-11,26
2015-05-12,23
2015-05-13,19
2015-05-14,16
2015-05-15,14
2015-05-16,15
2015-05-17,13
2015-05-18,14
2015-05-19,14
2015-05-20,14
2015-05-21,17
2015-05-22,19
2015-05-23,24
2015-05-24,23
2015-05-25,19
2015-05-26,17
2015-05-27,22
2015-05-28,19
2015-05-29,19
2015-05-30,17
2015-05-31,17
2015-06-01,19
2015-06-02,18
2015-06-03,15
2015-06-04,17
2015-06-05,21
2015-06-06,18
2015-06-07,19
2015-06-08,22
2015-06-10,13
2015-06-11,14
2015-06-12,16
2015-06-13,17
2015-06-14,18
2015-06-15,15
2015-06-16,14
2015-06-17,15
2015-06-18,16
2015-06-19,21
2015-06-20,20
2015-06-21,16
2015-06-22,14
2015-06-23,16
2015-06-24,16
2015-06-25,15
2015-06-26,20
2015-06-27,20
2015-06-28,19
2015-06-29,20
2015-06-30,16
2015-07-01,19
2015-07-02,15
2015-07-03,17
2015-07-04,18
2015-07-05,15
2015-07-06,18
2015-07-07,19
2015-07-08,19
2015-07-09,18
2015-07-10,18
2015-07-12,18
2015-07-13,18
2015-07-14,17
2015-07-15,12
2015-07-16,10
2015-07-17,12
2015-07-18,14
2015-07-19,14
2015-07-20,18
2015-07-21,18
2015-07-22,18
2015-07-23,24
2015-07-24,22
2015-07-25,19
2015-07-26,21
2015-07-27,22
2015-07-28,26
2015-07-29,25
2015-07-30,20
2015-07-31,22
2015-08-01,21
2015-08-02,18
2015-08-03,19
2015-08-04,18
2015-08-05,19
2015-08-06,22
2015-08-07,19
2015-08-08,23
2015-08-09,23
2015-08-10,19
2015-08-12,21
2015-08-13,27
2015-08-14,29
2015-08-15,35
2015-08-16,28
2015-08-17,31
2015-08-18,23
2015-08-19,30
2015-08-20,30
2015-08-21,27
2015-08-22,26
2015-08-23,21
2015-08-24,25
2015-08-25,24
2015-08-26,26
2015-08-27,27
2015-08-28,21
2015-08-29,21
2015-08-30,22
2015-08-31,25
2015-09-01,26
2015-09-02,25
2015-09-03,23
2015-09-04,22
2015-09-05,23
2015-09-06,22
2015-09-07,25
2015-09-08,23
2015-09-09,25
2015-09-10,28
2015-09-11,23
2015-09-13,21
2015-09-14,27
2015-09-15,28
2015-09-16,28
2015-09-17,25
2015-09-18,22
2015-09-19,22
2015-09-20,26
2015-09-21,23
2015-09-22,23
2015-09-23,25
2015-09-24,26
2015-09-25,26
2015-09-26,20
2015-09-27,19
2015-09-28,26
2015-09-29,25
2015-09-30,25
2015-10-01,24
2015-10-02,22
2015-10-03,25
2015-10-04,26
2015-10-05,24
2015-10-06,27
2015-10-07,29
2015-10-08,24
2015-10-09,26
2015-10-10,23
2015-10-11,21
2015-10-12,22
2015-10-13,22
2015-10-15,22
2015-10-16,23
2015-10-17,22
2015-10-18,23
2015-10-19,18
2015-10-20,18
2015-10-21,18
2015-10-22,19
2015-10-23,22
2015-10-24,22
2015-10-25,22
2015-10-26,25
2015-10-27,19
2015-10-28,18
2015-10-29,22
2015-10-30,19
2015-10-31,19
2015-11-01,18
2015-11-02,18
2015-11-03,18
2015-11-04,14
2015-11-05,17
2015-11-06,22
2015-11-07,21
2015-11-08,19
2015-11-09,20
2015-11-10,19
2015-11-11,18
2015-11-12,19
2015-11-13,19
2015-11-15,24
2015-11-16,19
2015-11-17,15
2015-11-18,16
2015-11-19,15
2015-11-20,18
2015-11-21,21
2015-11-22,19
2015-11-23,19
2015-11-24,18
2015-11-25,21
2015-11-26,21
2015-11-27,17
2015-11-28,20
2015-11-29,18
2015-11-30,18
2015-12-01,22
2015-12-02,25
2015-12-03,18
2015-12-04,21
2015-12-05,22
2015-12-06,21
2015-12-07,21
2015-12-08,19
2015-12-09,20
2015-12-10,16
2015-12-11,19
2015-12-12,14
2015-12-13,17
2015-12-14,17
2015-12-15,11
2015-12-17,16
2015-12-18,18
2015-12-19,17
2015-12-20,20
2015-12-21,21
2015-12-22,17
2015-12-23,14
2015-12-24,16
2015-12-25,15
2015-12-26,15
2015-12-27,12
2015-12-28,10
2015-12-29,14
2015-12-30,15
2015-12-31,19
2016-01-01,20
2016-01-02,22
2016-01-03,16
2016-01-04,17
2016-01-05,20
2016-01-06,15
2016-01-07,12
2016-01-08,15
2016-01-09,10
2016-01-10,13
2016-01-11,12
2016-01-12,11
2016-01-13,11
2016-01-14,11
2016-01-15,13
2016-01-17,17
2016-01-18,15
2016-01-19,14
2016-01-20,15
2016-01-21,17
2016-01-22,17
2016-01-23,16
2016-01-24,17
2016-01-25,17
2016-01-26,19
2016-01-27,15
2016-01-28,17
2016-01-29,18
2016-01-30,16
2016-01-31,16
2016-02-01,14
2016-02-02,14
2016-02-03,16
2016-02-04,16
2016-02-05,13
2016-02-06,11
2016-02-07,13
2016-02-08,15
2016-02-09,13
2016-02-10,14
2016-02-11,16
2016-02-12,12
2016-02-13,13
2016-02-14,12
2016-02-15,16
2016-02-16,15
2016-02-18,12
2016-02-19,15
2016-02-20,17
2016-02-21,14
2016-02-22,14
2016-02-23,15
2016-02-24,15
2016-02-25,14
2016-02-26,13
2016-02-27,14
2016-02-28,13
2016-02-29,14
2016-04-01,13
2016-04-02,10
2016-04-03,11
2016-04-04,8
2016-04-05,10
2016-04-06,11
2016-04-07,13
2016-04-08,12
2016-04-09,8
2016-04-10,11
2016-04-11,12
2016-04-12,11
2016-04-13,10
2016-04-14,9
2016-04-15,10
2016-04-16,7
2016-04-17,6
2016-04-18,8
2016-04-20,7
2016-04-21,7
2016-04-22,11
2016-04-23,11
2016-04-24,13
2016-04-25,9
2016-04-26,6
2016-04-27,5
2016-04-28,5
2016-04-29,7
2016-04-30,8
2016-05-01,10
2016-05-02,6
2016-05-03,6
2016-05-04,7
2016-05-05,9
2016-05-06,9
2016-05-07,9
2016-05-08,10
2016-05-09,11
2016-05-10,7
2016-05-11,10
2016-05-12,13
2016-05-13,16
2016-05-14,13
2016-05-15,10
2016-05-16,12
2016-05-17,9
2016-05-18,7
2016-05-19,7
2016-05-20,10
2016-05-22,6
2016-05-23,9
2016-05-24,4
2016-05-25,5
2016-05-26,7
2016-05-27,8
2016-05-28,8
2016-05-29,8
2016-05-30,8
2016-05-31,12
2016-06-01,9
2016-06-02,9
2016-06-03,8
2016-06-04,5
2016-06-05,6
2016-06-06,6
2016-06-07,8
2016-06-08,9
2016-06-09,14
2016-06-10,13
2016-06-11,14
2016-06-12,13
2016-06-13,13
2016-06-14,12
2016-06-15,11
2016-06-16,14
2016-06-17,14
2016-06-18,13
2016-06-19,13
2016-06-20,14
2016-06-22,13
2016-06-23,13
2016-06-24,12
2016-06-25,15
2016-06-26,9
2016-06-27,10
2016-06-28,7
2016-06-29,8
2016-06-30,10
2016-07-01,10
2016-07-02,11
2016-07-03,12
2016-07-04,13
2016-07-05,7
2016-07-06,8
2016-07-07,7
2016-07-08,10
2016-07-09,10
2016-07-10,9
2016-07-11,9
2016-07-12,7
2016-07-13,10
2016-07-14,13
2016-07-15,11
2016-07-16,13
2016-07-17,11
2016-07-18,10
2016-07-19,12
2016-07-20,10
2016-07-21,10
2016-07-22,9
2016-07-24,7
2016-07-25,13
2016-07-26,14
2016-07-27,7
2016-07-28,12
2016-07-29,10
2016-07-30,8
2016-07-31,9
2016-08-01,10
2016-08-02,10
2016-08-03,10
2016-08-04,11
2016-08-05,13
2016-08-06,13
2016-08-07,15
2016-08-08,15
2016-08-09,13
2016-08-10,10
2016-08-11,5
